year,company,country_iso3_x,process_node_nm,fab_type,monthly_wafer_capacity,fab_started_year,company_name,ticker,country_iso3_y,segment,revenue_usd_bn,operating_margin_pct,operating_income_usd_bn,rd_spend_usd_bn,capex_usd_bn
2022,TSMC,TWN,3,logic_leading,0,2022,TSMC,TSM,TWN,foundry,74.93,38.9,29.18,5.99,33.72
2023,TSMC,TWN,3,logic_leading,38445,2022,TSMC,TSM,TWN,foundry,70.42,41.1,28.94,5.63,31.69
2024,TSMC,TWN,3,logic_leading,80106,2022,TSMC,TSM,TWN,foundry,88.89,41.3,36.71,7.11,40.0
2025,TSMC,TWN,3,logic_leading,129646,2022,TSMC,TSM,TWN,foundry,108.13,38.8,41.93,8.65,48.66
2026,TSMC,TWN,3,logic_leading,136143,2022,TSMC,TSM,TWN,foundry,113.25,37.6,42.53,9.06,50.96
2020,TSMC,TWN,5,logic_leading,0,2020,TSMC,TSM,TWN,foundry,45.25,38.0,17.18,3.62,20.36
2021,TSMC,TWN,5,logic_leading,53296,2020,TSMC,TSM,TWN,foundry,62.97,39.5,24.9,5.04,28.34
2022,TSMC,TWN,5,logic_leading,95116,2020,TSMC,TSM,TWN,foundry,74.93,38.9,29.18,5.99,33.72
2023,TSMC,TWN,5,logic_leading,163173,2020,TSMC,TSM,TWN,foundry,70.42,41.1,28.94,5.63,31.69
2024,TSMC,TWN,5,logic_leading,146070,2020,TSMC,TSM,TWN,foundry,88.89,41.3,36.71,7.11,40.0
2025,TSMC,TWN,5,logic_leading,165947,2020,TSMC,TSM,TWN,foundry,108.13,38.8,41.93,8.65,48.66
2026,TSMC,TWN,5,logic_leading,165561,2020,TSMC,TSM,TWN,foundry,113.25,37.6,42.53,9.06,50.96
2018,TSMC,TWN,7,logic_leading,0,2018,TSMC,TSM,TWN,foundry,34.58,37.1,12.84,2.77,15.56
2019,TSMC,TWN,7,logic_leading,42633,2018,TSMC,TSM,TWN,foundry,40.91,39.9,16.3,3.27,18.41
2020,TSMC,TWN,7,logic_leading,92536,2018,TSMC,TSM,TWN,foundry,45.25,38.0,17.18,3.62,20.36
2021,TSMC,TWN,7,logic_leading,129499,2018,TSMC,TSM,TWN,foundry,62.97,39.5,24.9,5.04,28.34
2022,TSMC,TWN,7,logic_leading,146937,2018,TSMC,TSM,TWN,foundry,74.93,38.9,29.18,5.99,33.72
2023,TSMC,TWN,7,logic_leading,151030,2018,TSMC,TSM,TWN,foundry,70.42,41.1,28.94,5.63,31.69
2024,TSMC,TWN,7,logic_leading,134531,2018,TSMC,TSM,TWN,foundry,88.89,41.3,36.71,7.11,40.0
2025,TSMC,TWN,7,logic_leading,149236,2018,TSMC,TSM,TWN,foundry,108.13,38.8,41.93,8.65,48.66
2026,TSMC,TWN,7,logic_leading,148514,2018,TSMC,TSM,TWN,foundry,113.25,37.6,42.53,9.06,50.96
2015,TSMC,TWN,16,logic_mature,0,2015,TSMC,TSM,TWN,foundry,27.31,42.3,11.56,2.18,12.29
2016,TSMC,TWN,16,logic_mature,62369,2015,TSMC,TSM,TWN,foundry,29.19,43.4,12.66,2.34,13.14
2017,TSMC,TWN,16,logic_mature,119768,2015,TSMC,TSM,TWN,foundry,32.11,37.4,12.02,2.57,14.45
2018,TSMC,TWN,16,logic_mature,196357,2015,TSMC,TSM,TWN,foundry,34.58,37.1,12.84,2.77,15.56
2019,TSMC,TWN,16,logic_mature,175711,2015,TSMC,TSM,TWN,foundry,40.91,39.9,16.3,3.27,18.41
2020,TSMC,TWN,16,logic_mature,189222,2015,TSMC,TSM,TWN,foundry,45.25,38.0,17.18,3.62,20.36
2021,TSMC,TWN,16,logic_mature,180878,2015,TSMC,TSM,TWN,foundry,62.97,39.5,24.9,5.04,28.34
2022,TSMC,TWN,16,logic_mature,187306,2015,TSMC,TSM,TWN,foundry,74.93,38.9,29.18,5.99,33.72
2023,TSMC,TWN,16,logic_mature,176020,2015,TSMC,TSM,TWN,foundry,70.42,41.1,28.94,5.63,31.69
2024,TSMC,TWN,16,logic_mature,179554,2015,TSMC,TSM,TWN,foundry,88.89,41.3,36.71,7.11,40.0
2025,TSMC,TWN,16,logic_mature,187911,2015,TSMC,TSM,TWN,foundry,108.13,38.8,41.93,8.65,48.66
2026,TSMC,TWN,16,logic_mature,189893,2015,TSMC,TSM,TWN,foundry,113.25,37.6,42.53,9.06,50.96
2011,TSMC,TWN,28,logic_mature,0,2011,TSMC,TSM,TWN,foundry,16.32,42.8,6.99,1.31,7.35
2012,TSMC,TWN,28,logic_mature,68869,2011,TSMC,TSM,TWN,foundry,17.56,36.1,6.34,1.4,7.9
2013,TSMC,TWN,28,logic_mature,137349,2011,TSMC,TSM,TWN,foundry,21.36,39.1,8.34,1.71,9.61
2014,TSMC,TWN,28,logic_mature,215975,2011,TSMC,TSM,TWN,foundry,23.93,37.4,8.96,1.91,10.77
2015,TSMC,TWN,28,logic_mature,215031,2011,TSMC,TSM,TWN,foundry,27.31,42.3,11.56,2.18,12.29
2016,TSMC,TWN,28,logic_mature,196285,2011,TSMC,TSM,TWN,foundry,29.19,43.4,12.66,2.34,13.14
2017,TSMC,TWN,28,logic_mature,203765,2011,TSMC,TSM,TWN,foundry,32.11,37.4,12.02,2.57,14.45
2018,TSMC,TWN,28,logic_mature,193860,2011,TSMC,TSM,TWN,foundry,34.58,37.1,12.84,2.77,15.56
2019,TSMC,TWN,28,logic_mature,200233,2011,TSMC,TSM,TWN,foundry,40.91,39.9,16.3,3.27,18.41
2020,TSMC,TWN,28,logic_mature,194091,2011,TSMC,TSM,TWN,foundry,45.25,38.0,17.18,3.62,20.36
2021,TSMC,TWN,28,logic_mature,216874,2011,TSMC,TSM,TWN,foundry,62.97,39.5,24.9,5.04,28.34
2022,TSMC,TWN,28,logic_mature,203670,2011,TSMC,TSM,TWN,foundry,74.93,38.9,29.18,5.99,33.72
2023,TSMC,TWN,28,logic_mature,197831,2011,TSMC,TSM,TWN,foundry,70.42,41.1,28.94,5.63,31.69
2024,TSMC,TWN,28,logic_mature,212299,2011,TSMC,TSM,TWN,foundry,88.89,41.3,36.71,7.11,40.0
2025,TSMC,TWN,28,logic_mature,188401,2011,TSMC,TSM,TWN,foundry,108.13,38.8,41.93,8.65,48.66
2026,TSMC,TWN,28,logic_mature,198923,2011,TSMC,TSM,TWN,foundry,113.25,37.6,42.53,9.06,50.96
2024,TSMC,USA,5,logic_leading,0,2024,TSMC,TSM,TWN,foundry,88.89,41.3,36.71,7.11,40.0
2025,TSMC,USA,5,logic_leading,42127,2024,TSMC,TSM,TWN,foundry,108.13,38.8,41.93,8.65,48.66
2026,TSMC,USA,5,logic_leading,44554,2024,TSMC,TSM,TWN,foundry,113.25,37.6,42.53,9.06,50.96
2026,TSMC,USA,4,logic_leading,30882,2026,TSMC,TSM,TWN,foundry,113.25,37.6,42.53,9.06,50.96
2024,TSMC,JPN,28,logic_mature,0,2024,TSMC,TSM,TWN,foundry,88.89,41.3,36.71,7.11,40.0
2025,TSMC,JPN,28,logic_mature,58031,2024,TSMC,TSM,TWN,foundry,108.13,38.8,41.93,8.65,48.66
2026,TSMC,JPN,28,logic_mature,57313,2024,TSMC,TSM,TWN,foundry,113.25,37.6,42.53,9.06,50.96
2026,TSMC,DEU,28,logic_mature,22187,2026,TSMC,TSM,TWN,foundry,113.25,37.6,42.53,9.06,50.96
2022,Samsung Foundry,KOR,3,logic_leading,0,2022,Samsung Foundry,005930,KOR,foundry,18.03,42.9,7.73,1.44,8.11
2023,Samsung Foundry,KOR,3,logic_leading,26145,2022,Samsung Foundry,005930,KOR,foundry,12.36,39.0,4.82,0.99,5.56
2024,Samsung Foundry,KOR,3,logic_leading,47947,2022,Samsung Foundry,005930,KOR,foundry,18.09,41.8,7.55,1.45,8.14
2025,Samsung Foundry,KOR,3,logic_leading,85089,2022,Samsung Foundry,005930,KOR,foundry,20.43,42.4,8.66,1.63,9.19
2026,Samsung Foundry,KOR,3,logic_leading,91799,2022,Samsung Foundry,005930,KOR,foundry,21.77,38.6,8.41,1.74,9.8
2020,Samsung Foundry,KOR,5,logic_leading,0,2020,Samsung Foundry,005930,KOR,foundry,14.49,38.1,5.52,1.16,6.52
2021,Samsung Foundry,KOR,5,logic_leading,29024,2020,Samsung Foundry,005930,KOR,foundry,16.46,44.5,7.32,1.32,7.41
2022,Samsung Foundry,KOR,5,logic_leading,56626,2020,Samsung Foundry,005930,KOR,foundry,18.03,42.9,7.73,1.44,8.11
2023,Samsung Foundry,KOR,5,logic_leading,85759,2020,Samsung Foundry,005930,KOR,foundry,12.36,39.0,4.82,0.99,5.56
2024,Samsung Foundry,KOR,5,logic_leading,90240,2020,Samsung Foundry,005930,KOR,foundry,18.09,41.8,7.55,1.45,8.14
2025,Samsung Foundry,KOR,5,logic_leading,85147,2020,Samsung Foundry,005930,KOR,foundry,20.43,42.4,8.66,1.63,9.19
2026,Samsung Foundry,KOR,5,logic_leading,102087,2020,Samsung Foundry,005930,KOR,foundry,21.77,38.6,8.41,1.74,9.8
2018,Samsung Foundry,KOR,7,logic_leading,0,2018,Samsung Foundry,005930,KOR,foundry,12.1,41.9,5.07,0.97,5.45
2019,Samsung Foundry,KOR,7,logic_leading,32917,2018,Samsung Foundry,005930,KOR,foundry,12.78,39.0,4.99,1.02,5.75
2020,Samsung Foundry,KOR,7,logic_leading,58889,2018,Samsung Foundry,005930,KOR,foundry,14.49,38.1,5.52,1.16,6.52
2021,Samsung Foundry,KOR,7,logic_leading,95139,2018,Samsung Foundry,005930,KOR,foundry,16.46,44.5,7.32,1.32,7.41
2022,Samsung Foundry,KOR,7,logic_leading,106358,2018,Samsung Foundry,005930,KOR,foundry,18.03,42.9,7.73,1.44,8.11
2023,Samsung Foundry,KOR,7,logic_leading,87031,2018,Samsung Foundry,005930,KOR,foundry,12.36,39.0,4.82,0.99,5.56
2024,Samsung Foundry,KOR,7,logic_leading,98277,2018,Samsung Foundry,005930,KOR,foundry,18.09,41.8,7.55,1.45,8.14
2025,Samsung Foundry,KOR,7,logic_leading,98984,2018,Samsung Foundry,005930,KOR,foundry,20.43,42.4,8.66,1.63,9.19
2026,Samsung Foundry,KOR,7,logic_leading,114515,2018,Samsung Foundry,005930,KOR,foundry,21.77,38.6,8.41,1.74,9.8
2015,Samsung Foundry,KOR,14,logic_mature,0,2015,Samsung Foundry,005930,KOR,foundry,6.52,40.7,2.65,0.52,2.94
2016,Samsung Foundry,KOR,14,logic_mature,51020,2015,Samsung Foundry,005930,KOR,foundry,8.55,40.7,3.48,0.68,3.85
2017,Samsung Foundry,KOR,14,logic_mature,102867,2015,Samsung Foundry,005930,KOR,foundry,10.38,40.2,4.17,0.83,4.67
2018,Samsung Foundry,KOR,14,logic_mature,164423,2015,Samsung Foundry,005930,KOR,foundry,12.1,41.9,5.07,0.97,5.45
2019,Samsung Foundry,KOR,14,logic_mature,148485,2015,Samsung Foundry,005930,KOR,foundry,12.78,39.0,4.99,1.02,5.75
2020,Samsung Foundry,KOR,14,logic_mature,152847,2015,Samsung Foundry,005930,KOR,foundry,14.49,38.1,5.52,1.16,6.52
2021,Samsung Foundry,KOR,14,logic_mature,139265,2015,Samsung Foundry,005930,KOR,foundry,16.46,44.5,7.32,1.32,7.41
2022,Samsung Foundry,KOR,14,logic_mature,159199,2015,Samsung Foundry,005930,KOR,foundry,18.03,42.9,7.73,1.44,8.11
2023,Samsung Foundry,KOR,14,logic_mature,144403,2015,Samsung Foundry,005930,KOR,foundry,12.36,39.0,4.82,0.99,5.56
2024,Samsung Foundry,KOR,14,logic_mature,145852,2015,Samsung Foundry,005930,KOR,foundry,18.09,41.8,7.55,1.45,8.14
2025,Samsung Foundry,KOR,14,logic_mature,157324,2015,Samsung Foundry,005930,KOR,foundry,20.43,42.4,8.66,1.63,9.19
2026,Samsung Foundry,KOR,14,logic_mature,152597,2015,Samsung Foundry,005930,KOR,foundry,21.77,38.6,8.41,1.74,9.8
2024,Samsung Foundry,USA,4,logic_leading,0,2024,Samsung Foundry,005930,KOR,foundry,18.09,41.8,7.55,1.45,8.14
2025,Samsung Foundry,USA,4,logic_leading,33061,2024,Samsung Foundry,005930,KOR,foundry,20.43,42.4,8.66,1.63,9.19
2026,Samsung Foundry,USA,4,logic_leading,33486,2024,Samsung Foundry,005930,KOR,foundry,21.77,38.6,8.41,1.74,9.8
2023,Intel,USA,7,logic_leading,0,2023,Intel,INTC,USA,idm_cpu,53.91,10.6,5.71,10.78,13.48
2024,Intel,USA,7,logic_leading,19876,2023,Intel,INTC,USA,idm_cpu,54.42,8.8,4.8,10.88,13.61
2025,Intel,USA,7,logic_leading,65381,2023,Intel,INTC,USA,idm_cpu,57.44,9.2,5.29,11.49,14.36
2026,Intel,USA,7,logic_leading,60084,2023,Intel,INTC,USA,idm_cpu,59.79,12.5,7.47,11.96,14.95
2020,Intel,USA,10,logic_leading,0,2020,Intel,INTC,USA,idm_cpu,79.56,20.4,16.24,15.91,19.89
2021,Intel,USA,10,logic_leading,27861,2020,Intel,INTC,USA,idm_cpu,72.13,20.7,14.92,14.43,18.03
2022,Intel,USA,10,logic_leading,54058,2020,Intel,INTC,USA,idm_cpu,64.11,7.9,5.06,12.82,16.03
2023,Intel,USA,10,logic_leading,81664,2020,Intel,INTC,USA,idm_cpu,53.91,10.6,5.71,10.78,13.48
2024,Intel,USA,10,logic_leading,87794,2020,Intel,INTC,USA,idm_cpu,54.42,8.8,4.8,10.88,13.61
2025,Intel,USA,10,logic_leading,85991,2020,Intel,INTC,USA,idm_cpu,57.44,9.2,5.29,11.49,14.36
2026,Intel,USA,10,logic_leading,90942,2020,Intel,INTC,USA,idm_cpu,59.79,12.5,7.47,11.96,14.95
2015,Intel,USA,14,logic_mature,0,2015,Intel,INTC,USA,idm_cpu,52.71,17.6,9.29,10.54,13.18
2016,Intel,USA,14,logic_mature,32978,2015,Intel,INTC,USA,idm_cpu,61.27,21.6,13.22,12.25,15.32
2017,Intel,USA,14,logic_mature,64059,2015,Intel,INTC,USA,idm_cpu,66.18,15.8,10.43,13.24,16.54
2018,Intel,USA,14,logic_mature,102162,2015,Intel,INTC,USA,idm_cpu,66.06,20.2,13.32,13.21,16.51
2019,Intel,USA,14,logic_mature,102219,2015,Intel,INTC,USA,idm_cpu,73.31,21.4,15.67,14.66,18.33
2020,Intel,USA,14,logic_mature,97400,2015,Intel,INTC,USA,idm_cpu,79.56,20.4,16.24,15.91,19.89
2021,Intel,USA,14,logic_mature,94968,2015,Intel,INTC,USA,idm_cpu,72.13,20.7,14.92,14.43,18.03
2022,Intel,USA,14,logic_mature,112242,2015,Intel,INTC,USA,idm_cpu,64.11,7.9,5.06,12.82,16.03
2023,Intel,USA,14,logic_mature,101647,2015,Intel,INTC,USA,idm_cpu,53.91,10.6,5.71,10.78,13.48
2024,Intel,USA,14,logic_mature,96404,2015,Intel,INTC,USA,idm_cpu,54.42,8.8,4.8,10.88,13.61
2025,Intel,USA,14,logic_mature,109920,2015,Intel,INTC,USA,idm_cpu,57.44,9.2,5.29,11.49,14.36
2026,Intel,USA,14,logic_mature,109401,2015,Intel,INTC,USA,idm_cpu,59.79,12.5,7.47,11.96,14.95
2012,Intel,USA,22,logic_mature,0,2012,Intel,INTC,USA,idm_cpu,50.66,18.6,9.44,10.13,12.67
2013,Intel,USA,22,logic_mature,51425,2012,Intel,INTC,USA,idm_cpu,50.78,23.9,12.15,10.16,12.7
2014,Intel,USA,22,logic_mature,93744,2012,Intel,INTC,USA,idm_cpu,50.47,16.2,8.2,10.09,12.62
2015,Intel,USA,22,logic_mature,152668,2012,Intel,INTC,USA,idm_cpu,52.71,17.6,9.29,10.54,13.18
2016,Intel,USA,22,logic_mature,165055,2012,Intel,INTC,USA,idm_cpu,61.27,21.6,13.22,12.25,15.32
2017,Intel,USA,22,logic_mature,153537,2012,Intel,INTC,USA,idm_cpu,66.18,15.8,10.43,13.24,16.54
2018,Intel,USA,22,logic_mature,147204,2012,Intel,INTC,USA,idm_cpu,66.06,20.2,13.32,13.21,16.51
2019,Intel,USA,22,logic_mature,146244,2012,Intel,INTC,USA,idm_cpu,73.31,21.4,15.67,14.66,18.33
2020,Intel,USA,22,logic_mature,146953,2012,Intel,INTC,USA,idm_cpu,79.56,20.4,16.24,15.91,19.89
2021,Intel,USA,22,logic_mature,148107,2012,Intel,INTC,USA,idm_cpu,72.13,20.7,14.92,14.43,18.03
2022,Intel,USA,22,logic_mature,147193,2012,Intel,INTC,USA,idm_cpu,64.11,7.9,5.06,12.82,16.03
2023,Intel,USA,22,logic_mature,157032,2012,Intel,INTC,USA,idm_cpu,53.91,10.6,5.71,10.78,13.48
2024,Intel,USA,22,logic_mature,137548,2012,Intel,INTC,USA,idm_cpu,54.42,8.8,4.8,10.88,13.61
2025,Intel,USA,22,logic_mature,164436,2012,Intel,INTC,USA,idm_cpu,57.44,9.2,5.29,11.49,14.36
2026,Intel,USA,22,logic_mature,161897,2012,Intel,INTC,USA,idm_cpu,59.79,12.5,7.47,11.96,14.95
2024,Intel,ISR,7,logic_leading,0,2024,Intel,INTC,USA,idm_cpu,54.42,8.8,4.8,10.88,13.61
2025,Intel,ISR,7,logic_leading,39698,2024,Intel,INTC,USA,idm_cpu,57.44,9.2,5.29,11.49,14.36
2026,Intel,ISR,7,logic_leading,47022,2024,Intel,INTC,USA,idm_cpu,59.79,12.5,7.47,11.96,14.95
2026,Intel,DEU,7,logic_leading,23413,2026,Intel,INTC,USA,idm_cpu,59.79,12.5,7.47,11.96,14.95
2020,SMIC,CHN,14,logic_mature,0,2020,SMIC,0981,CHN,foundry,3.92,42.9,1.68,0.31,1.76
2021,SMIC,CHN,14,logic_mature,10815,2020,SMIC,0981,CHN,foundry,5.52,36.4,2.01,0.44,2.48
2022,SMIC,CHN,14,logic_mature,24320,2020,SMIC,0981,CHN,foundry,7.09,37.8,2.68,0.57,3.19
2023,SMIC,CHN,14,logic_mature,35715,2020,SMIC,0981,CHN,foundry,6.72,37.5,2.52,0.54,3.02
2024,SMIC,CHN,14,logic_mature,32300,2020,SMIC,0981,CHN,foundry,8.2,37.3,3.06,0.66,3.69
2025,SMIC,CHN,14,logic_mature,36705,2020,SMIC,0981,CHN,foundry,10.28,41.2,4.23,0.82,4.63
2026,SMIC,CHN,14,logic_mature,39208,2020,SMIC,0981,CHN,foundry,11.94,39.9,4.76,0.96,5.37
2016,SMIC,CHN,28,logic_mature,0,2016,SMIC,0981,CHN,foundry,2.68,40.5,1.09,0.21,1.21
2017,SMIC,CHN,28,logic_mature,20178,2016,SMIC,0981,CHN,foundry,2.99,36.9,1.1,0.24,1.34
2018,SMIC,CHN,28,logic_mature,40586,2016,SMIC,0981,CHN,foundry,3.23,38.5,1.25,0.26,1.46
2019,SMIC,CHN,28,logic_mature,64587,2016,SMIC,0981,CHN,foundry,3.64,45.3,1.65,0.29,1.64
2020,SMIC,CHN,28,logic_mature,63793,2016,SMIC,0981,CHN,foundry,3.92,42.9,1.68,0.31,1.76
2021,SMIC,CHN,28,logic_mature,51986,2016,SMIC,0981,CHN,foundry,5.52,36.4,2.01,0.44,2.48
2022,SMIC,CHN,28,logic_mature,59055,2016,SMIC,0981,CHN,foundry,7.09,37.8,2.68,0.57,3.19
2023,SMIC,CHN,28,logic_mature,59508,2016,SMIC,0981,CHN,foundry,6.72,37.5,2.52,0.54,3.02
2024,SMIC,CHN,28,logic_mature,54967,2016,SMIC,0981,CHN,foundry,8.2,37.3,3.06,0.66,3.69
2025,SMIC,CHN,28,logic_mature,63297,2016,SMIC,0981,CHN,foundry,10.28,41.2,4.23,0.82,4.63
2026,SMIC,CHN,28,logic_mature,70252,2016,SMIC,0981,CHN,foundry,11.94,39.9,4.76,0.96,5.37
2023,SMIC,CHN,7,logic_leading,0,2023,SMIC,0981,CHN,foundry,6.72,37.5,2.52,0.54,3.02
2024,SMIC,CHN,7,logic_leading,5084,2023,SMIC,0981,CHN,foundry,8.2,37.3,3.06,0.66,3.69
2025,SMIC,CHN,7,logic_leading,15045,2023,SMIC,0981,CHN,foundry,10.28,41.2,4.23,0.82,4.63
2026,SMIC,CHN,7,logic_leading,15954,2023,SMIC,0981,CHN,foundry,11.94,39.9,4.76,0.96,5.37
2014,GlobalFoundries,USA,14,logic_mature,0,2014,GlobalFoundries,GFS,USA,foundry,4.64,40.5,1.88,0.37,2.09
2015,GlobalFoundries,USA,14,logic_mature,9732,2014,GlobalFoundries,GFS,USA,foundry,5.09,39.1,1.99,0.41,2.29
2016,GlobalFoundries,USA,14,logic_mature,20467,2014,GlobalFoundries,GFS,USA,foundry,5.47,38.0,2.08,0.44,2.46
2017,GlobalFoundries,USA,14,logic_mature,27320,2014,GlobalFoundries,GFS,USA,foundry,5.74,38.9,2.23,0.46,2.58
2018,GlobalFoundries,USA,14,logic_mature,32927,2014,GlobalFoundries,GFS,USA,foundry,5.98,41.5,2.48,0.48,2.69
2019,GlobalFoundries,USA,14,logic_mature,30917,2014,GlobalFoundries,GFS,USA,foundry,5.47,40.0,2.19,0.44,2.46
2020,GlobalFoundries,USA,14,logic_mature,29727,2014,GlobalFoundries,GFS,USA,foundry,4.97,41.3,2.06,0.4,2.24
2021,GlobalFoundries,USA,14,logic_mature,30875,2014,GlobalFoundries,GFS,USA,foundry,6.63,39.7,2.63,0.53,2.98
2022,GlobalFoundries,USA,14,logic_mature,27958,2014,GlobalFoundries,GFS,USA,foundry,8.0,39.8,3.18,0.64,3.6
2023,GlobalFoundries,USA,14,logic_mature,31827,2014,GlobalFoundries,GFS,USA,foundry,7.03,35.7,2.51,0.56,3.17
2024,GlobalFoundries,USA,14,logic_mature,29517,2014,GlobalFoundries,GFS,USA,foundry,6.54,37.0,2.42,0.52,2.94
2025,GlobalFoundries,USA,14,logic_mature,31180,2014,GlobalFoundries,GFS,USA,foundry,7.24,37.3,2.7,0.58,3.26
2026,GlobalFoundries,USA,14,logic_mature,32198,2014,GlobalFoundries,GFS,USA,foundry,7.42,43.9,3.26,0.59,3.34
2018,GlobalFoundries,DEU,22,logic_mature,0,2018,GlobalFoundries,GFS,USA,foundry,5.98,41.5,2.48,0.48,2.69
2019,GlobalFoundries,DEU,22,logic_mature,17255,2018,GlobalFoundries,GFS,USA,foundry,5.47,40.0,2.19,0.44,2.46
2020,GlobalFoundries,DEU,22,logic_mature,33762,2018,GlobalFoundries,GFS,USA,foundry,4.97,41.3,2.06,0.4,2.24
2021,GlobalFoundries,DEU,22,logic_mature,51656,2018,GlobalFoundries,GFS,USA,foundry,6.63,39.7,2.63,0.53,2.98
2022,GlobalFoundries,DEU,22,logic_mature,49978,2018,GlobalFoundries,GFS,USA,foundry,8.0,39.8,3.18,0.64,3.6
2023,GlobalFoundries,DEU,22,logic_mature,51299,2018,GlobalFoundries,GFS,USA,foundry,7.03,35.7,2.51,0.56,3.17
2024,GlobalFoundries,DEU,22,logic_mature,48963,2018,GlobalFoundries,GFS,USA,foundry,6.54,37.0,2.42,0.52,2.94
2025,GlobalFoundries,DEU,22,logic_mature,58691,2018,GlobalFoundries,GFS,USA,foundry,7.24,37.3,2.7,0.58,3.26
2026,GlobalFoundries,DEU,22,logic_mature,50852,2018,GlobalFoundries,GFS,USA,foundry,7.42,43.9,3.26,0.59,3.34
2020,GlobalFoundries,USA,12,logic_mature,0,2020,GlobalFoundries,GFS,USA,foundry,4.97,41.3,2.06,0.4,2.24
2021,GlobalFoundries,USA,12,logic_mature,12492,2020,GlobalFoundries,GFS,USA,foundry,6.63,39.7,2.63,0.53,2.98
2022,GlobalFoundries,USA,12,logic_mature,22360,2020,GlobalFoundries,GFS,USA,foundry,8.0,39.8,3.18,0.64,3.6
2023,GlobalFoundries,USA,12,logic_mature,39126,2020,GlobalFoundries,GFS,USA,foundry,7.03,35.7,2.51,0.56,3.17
2024,GlobalFoundries,USA,12,logic_mature,36786,2020,GlobalFoundries,GFS,USA,foundry,6.54,37.0,2.42,0.52,2.94
2025,GlobalFoundries,USA,12,logic_mature,38578,2020,GlobalFoundries,GFS,USA,foundry,7.24,37.3,2.7,0.58,3.26
2026,GlobalFoundries,USA,12,logic_mature,38553,2020,GlobalFoundries,GFS,USA,foundry,7.42,43.9,3.26,0.59,3.34
2013,UMC,TWN,28,logic_mature,0,2013,UMC,UMC,TWN,foundry,4.64,34.8,1.61,0.37,2.09
2014,UMC,TWN,28,logic_mature,32986,2013,UMC,UMC,TWN,foundry,4.62,40.7,1.88,0.37,2.08
2015,UMC,TWN,28,logic_mature,67981,2013,UMC,UMC,TWN,foundry,4.52,35.7,1.61,0.36,2.03
2016,UMC,TWN,28,logic_mature,107257,2013,UMC,UMC,TWN,foundry,4.71,38.4,1.81,0.38,2.12
2017,UMC,TWN,28,logic_mature,100910,2013,UMC,UMC,TWN,foundry,4.83,40.1,1.94,0.39,2.18
2018,UMC,TWN,28,logic_mature,95545,2013,UMC,UMC,TWN,foundry,5.14,39.3,2.02,0.41,2.31
2019,UMC,TWN,28,logic_mature,104208,2013,UMC,UMC,TWN,foundry,5.29,40.5,2.14,0.42,2.38
2020,UMC,TWN,28,logic_mature,104713,2013,UMC,UMC,TWN,foundry,6.04,44.1,2.66,0.48,2.72
2021,UMC,TWN,28,logic_mature,103327,2013,UMC,UMC,TWN,foundry,7.69,41.1,3.16,0.62,3.46
2022,UMC,TWN,28,logic_mature,103797,2013,UMC,UMC,TWN,foundry,9.4,36.4,3.43,0.75,4.23
2023,UMC,TWN,28,logic_mature,98654,2013,UMC,UMC,TWN,foundry,6.87,37.2,2.56,0.55,3.09
2024,UMC,TWN,28,logic_mature,95461,2013,UMC,UMC,TWN,foundry,7.41,35.9,2.66,0.59,3.34
2025,UMC,TWN,28,logic_mature,100539,2013,UMC,UMC,TWN,foundry,8.15,39.3,3.21,0.65,3.67
2026,UMC,TWN,28,logic_mature,101362,2013,UMC,UMC,TWN,foundry,8.13,37.0,3.01,0.65,3.66
2017,UMC,TWN,14,logic_mature,0,2017,UMC,UMC,TWN,foundry,4.83,40.1,1.94,0.39,2.18
2018,UMC,TWN,14,logic_mature,9958,2017,UMC,UMC,TWN,foundry,5.14,39.3,2.02,0.41,2.31
2019,UMC,TWN,14,logic_mature,19564,2017,UMC,UMC,TWN,foundry,5.29,40.5,2.14,0.42,2.38
2020,UMC,TWN,14,logic_mature,25878,2017,UMC,UMC,TWN,foundry,6.04,44.1,2.66,0.48,2.72
2021,UMC,TWN,14,logic_mature,28186,2017,UMC,UMC,TWN,foundry,7.69,41.1,3.16,0.62,3.46
2022,UMC,TWN,14,logic_mature,31729,2017,UMC,UMC,TWN,foundry,9.4,36.4,3.43,0.75,4.23
2023,UMC,TWN,14,logic_mature,29019,2017,UMC,UMC,TWN,foundry,6.87,37.2,2.56,0.55,3.09
2024,UMC,TWN,14,logic_mature,30545,2017,UMC,UMC,TWN,foundry,7.41,35.9,2.66,0.59,3.34
2025,UMC,TWN,14,logic_mature,29384,2017,UMC,UMC,TWN,foundry,8.15,39.3,3.21,0.65,3.67
2026,UMC,TWN,14,logic_mature,35461,2017,UMC,UMC,TWN,foundry,8.13,37.0,3.01,0.65,3.66
2018,Samsung Memory,KOR,14,memory_DRAM,0,2018,Samsung Memory,005930,KOR,idm_memory,75.95,29.8,22.61,7.59,26.58
2019,Samsung Memory,KOR,14,memory_DRAM,270562,2018,Samsung Memory,005930,KOR,idm_memory,74.27,40.9,30.39,7.43,25.99
2020,Samsung Memory,KOR,14,memory_DRAM,599104,2018,Samsung Memory,005930,KOR,idm_memory,64.28,40.2,25.81,6.43,22.5
2021,Samsung Memory,KOR,14,memory_DRAM,863016,2018,Samsung Memory,005930,KOR,idm_memory,69.3,41.4,28.7,6.93,24.26
2022,Samsung Memory,KOR,14,memory_DRAM,787830,2018,Samsung Memory,005930,KOR,idm_memory,75.7,33.1,25.09,7.57,26.5
2023,Samsung Memory,KOR,14,memory_DRAM,776619,2018,Samsung Memory,005930,KOR,idm_memory,50.38,23.3,11.75,5.04,17.63
2024,Samsung Memory,KOR,14,memory_DRAM,787083,2018,Samsung Memory,005930,KOR,idm_memory,74.79,26.8,20.06,7.48,26.18
2025,Samsung Memory,KOR,14,memory_DRAM,861691,2018,Samsung Memory,005930,KOR,idm_memory,83.84,25.4,21.3,8.38,29.34
2026,Samsung Memory,KOR,14,memory_DRAM,875382,2018,Samsung Memory,005930,KOR,idm_memory,94.46,19.3,18.28,9.45,33.06
2024,Samsung Memory,USA,17,memory_DRAM,0,2024,Samsung Memory,005930,KOR,idm_memory,74.79,26.8,20.06,7.48,26.18
2025,Samsung Memory,USA,17,memory_DRAM,112992,2024,Samsung Memory,005930,KOR,idm_memory,83.84,25.4,21.3,8.38,29.34
2026,Samsung Memory,USA,17,memory_DRAM,109373,2024,Samsung Memory,005930,KOR,idm_memory,94.46,19.3,18.28,9.45,33.06
2019,SK Hynix,KOR,14,memory_DRAM,0,2019,SK Hynix,000660,KOR,idm_memory,32.3,33.3,10.74,3.23,11.31
2020,SK Hynix,KOR,14,memory_DRAM,200909,2019,SK Hynix,000660,KOR,idm_memory,27.17,32.8,8.9,2.72,9.51
2021,SK Hynix,KOR,14,memory_DRAM,437348,2019,SK Hynix,000660,KOR,idm_memory,30.7,38.6,11.86,3.07,10.75
2022,SK Hynix,KOR,14,memory_DRAM,610815,2019,SK Hynix,000660,KOR,idm_memory,34.69,44.5,15.42,3.47,12.14
2023,SK Hynix,KOR,14,memory_DRAM,629595,2019,SK Hynix,000660,KOR,idm_memory,25.33,22.2,5.63,2.53,8.86
2024,SK Hynix,KOR,14,memory_DRAM,578650,2019,SK Hynix,000660,KOR,idm_memory,51.53,28.8,14.84,5.15,18.04
2025,SK Hynix,KOR,14,memory_DRAM,603672,2019,SK Hynix,000660,KOR,idm_memory,59.99,24.7,14.8,6.0,21.0
2026,SK Hynix,KOR,14,memory_DRAM,675345,2019,SK Hynix,000660,KOR,idm_memory,71.31,17.3,12.37,7.13,24.96
2026,SK Hynix,USA,12,memory_HBM_packaging,69344,2026,SK Hynix,000660,KOR,idm_memory,71.31,17.3,12.37,7.13,24.96
2020,Micron,USA,14,memory_DRAM,0,2020,Micron,MU,USA,idm_memory,20.26,38.0,7.69,2.03,7.09
2021,Micron,USA,14,memory_DRAM,93770,2020,Micron,MU,USA,idm_memory,24.59,35.5,8.73,2.46,8.61
2022,Micron,USA,14,memory_DRAM,186849,2020,Micron,MU,USA,idm_memory,32.09,41.3,13.26,3.21,11.23
2023,Micron,USA,14,memory_DRAM,279338,2020,Micron,MU,USA,idm_memory,15.17,20.6,3.13,1.52,5.31
2024,Micron,USA,14,memory_DRAM,274623,2020,Micron,MU,USA,idm_memory,22.96,28.4,6.52,2.3,8.04
2025,Micron,USA,14,memory_DRAM,316729,2020,Micron,MU,USA,idm_memory,33.93,25.4,8.63,3.39,11.87
2026,Micron,USA,14,memory_DRAM,349095,2020,Micron,MU,USA,idm_memory,37.37,19.8,7.38,3.74,13.08
2018,Micron,TWN,14,memory_DRAM,0,2018,Micron,MU,USA,idm_memory,30.14,32.2,9.71,3.01,10.55
2019,Micron,TWN,14,memory_DRAM,59542,2018,Micron,MU,USA,idm_memory,25.66,38.6,9.9,2.57,8.98
2020,Micron,TWN,14,memory_DRAM,132067,2018,Micron,MU,USA,idm_memory,20.26,38.0,7.69,2.03,7.09
2021,Micron,TWN,14,memory_DRAM,198378,2018,Micron,MU,USA,idm_memory,24.59,35.5,8.73,2.46,8.61
2022,Micron,TWN,14,memory_DRAM,222097,2018,Micron,MU,USA,idm_memory,32.09,41.3,13.26,3.21,11.23
2023,Micron,TWN,14,memory_DRAM,185946,2018,Micron,MU,USA,idm_memory,15.17,20.6,3.13,1.52,5.31
2024,Micron,TWN,14,memory_DRAM,196131,2018,Micron,MU,USA,idm_memory,22.96,28.4,6.52,2.3,8.04
2025,Micron,TWN,14,memory_DRAM,228697,2018,Micron,MU,USA,idm_memory,33.93,25.4,8.63,3.39,11.87
2026,Micron,TWN,14,memory_DRAM,225005,2018,Micron,MU,USA,idm_memory,37.37,19.8,7.38,3.74,13.08
2026,Micron,USA,12,memory_DRAM,56571,2026,Micron,MU,USA,idm_memory,37.37,19.8,7.38,3.74,13.08
2020,Yangtze Memory (YMTC),CHN,14,memory_NAND,0,2020,Yangtze Memory (YMTC),YMTC,CHN,idm_memory,1.23,42.7,0.52,0.12,0.43
2021,Yangtze Memory (YMTC),CHN,14,memory_NAND,67775,2020,Yangtze Memory (YMTC),YMTC,CHN,idm_memory,2.1,41.5,0.87,0.21,0.73
2022,Yangtze Memory (YMTC),CHN,14,memory_NAND,138619,2020,Yangtze Memory (YMTC),YMTC,CHN,idm_memory,4.12,42.4,1.74,0.41,1.44
2023,Yangtze Memory (YMTC),CHN,14,memory_NAND,192066,2020,Yangtze Memory (YMTC),YMTC,CHN,idm_memory,5.17,27.0,1.4,0.52,1.81
2024,Yangtze Memory (YMTC),CHN,14,memory_NAND,208976,2020,Yangtze Memory (YMTC),YMTC,CHN,idm_memory,6.62,31.6,2.09,0.66,2.32
2025,Yangtze Memory (YMTC),CHN,14,memory_NAND,196067,2020,Yangtze Memory (YMTC),YMTC,CHN,idm_memory,7.5,26.2,1.97,0.75,2.62
2026,Yangtze Memory (YMTC),CHN,14,memory_NAND,223641,2020,Yangtze Memory (YMTC),YMTC,CHN,idm_memory,8.64,16.0,1.38,0.86,3.02
2020,ChangXin Memory (CXMT),CHN,14,memory_DRAM,0,2020,ChangXin Memory (CXMT),CXMT,CHN,idm_memory,1.45,38.3,0.55,0.14,0.51
2021,ChangXin Memory (CXMT),CHN,14,memory_DRAM,38786,2020,ChangXin Memory (CXMT),CXMT,CHN,idm_memory,2.26,40.2,0.91,0.23,0.79
2022,ChangXin Memory (CXMT),CHN,14,memory_DRAM,79909,2020,ChangXin Memory (CXMT),CXMT,CHN,idm_memory,3.1,37.6,1.17,0.31,1.09
2023,ChangXin Memory (CXMT),CHN,14,memory_DRAM,116322,2020,ChangXin Memory (CXMT),CXMT,CHN,idm_memory,4.04,22.2,0.9,0.4,1.41
2024,ChangXin Memory (CXMT),CHN,14,memory_DRAM,113739,2020,ChangXin Memory (CXMT),CXMT,CHN,idm_memory,5.07,30.0,1.52,0.51,1.77
2025,ChangXin Memory (CXMT),CHN,14,memory_DRAM,123791,2020,ChangXin Memory (CXMT),CXMT,CHN,idm_memory,5.87,23.4,1.37,0.59,2.05
2026,ChangXin Memory (CXMT),CHN,14,memory_DRAM,124911,2020,ChangXin Memory (CXMT),CXMT,CHN,idm_memory,6.96,17.6,1.22,0.7,2.44
2018,Infineon,DEU,65,logic_mature,0,2018,Infineon,IFX,DEU,idm_automotive,8.08,18.7,1.51,0.97,1.21
2019,Infineon,DEU,65,logic_mature,15735,2018,Infineon,IFX,DEU,idm_automotive,8.57,22.4,1.92,1.03,1.28
2020,Infineon,DEU,65,logic_mature,34541,2018,Infineon,IFX,DEU,idm_automotive,9.07,14.7,1.33,1.09,1.36
2021,Infineon,DEU,65,logic_mature,47131,2018,Infineon,IFX,DEU,idm_automotive,11.78,18.3,2.15,1.41,1.77
2022,Infineon,DEU,65,logic_mature,48604,2018,Infineon,IFX,DEU,idm_automotive,14.75,18.1,2.67,1.77,2.21
2023,Infineon,DEU,65,logic_mature,48462,2018,Infineon,IFX,DEU,idm_automotive,16.68,11.6,1.94,2.0,2.5
2024,Infineon,DEU,65,logic_mature,53425,2018,Infineon,IFX,DEU,idm_automotive,15.35,21.3,3.28,1.84,2.3
2025,Infineon,DEU,65,logic_mature,53374,2018,Infineon,IFX,DEU,idm_automotive,15.69,21.6,3.39,1.88,2.35
2026,Infineon,DEU,65,logic_mature,54420,2018,Infineon,IFX,DEU,idm_automotive,17.45,20.7,3.61,2.09,2.62
2022,Infineon,DEU,65,logic_mature_300mm,0,2022,Infineon,IFX,DEU,idm_automotive,14.75,18.1,2.67,1.77,2.21
2023,Infineon,DEU,65,logic_mature_300mm,24000,2022,Infineon,IFX,DEU,idm_automotive,16.68,11.6,1.94,2.0,2.5
2024,Infineon,DEU,65,logic_mature_300mm,53218,2022,Infineon,IFX,DEU,idm_automotive,15.35,21.3,3.28,1.84,2.3
2025,Infineon,DEU,65,logic_mature_300mm,92822,2022,Infineon,IFX,DEU,idm_automotive,15.69,21.6,3.39,1.88,2.35
2026,Infineon,DEU,65,logic_mature_300mm,88584,2022,Infineon,IFX,DEU,idm_automotive,17.45,20.7,3.61,2.09,2.62
2017,STMicroelectronics,ITA,65,logic_mature,0,2017,STMicroelectronics,STM,EUR,idm_diversified,8.63,24.1,2.08,1.04,0.86
2018,STMicroelectronics,ITA,65,logic_mature,20555,2017,STMicroelectronics,STM,EUR,idm_diversified,9.3,12.8,1.19,1.12,0.93
2019,STMicroelectronics,ITA,65,logic_mature,41831,2017,STMicroelectronics,STM,EUR,idm_diversified,10.39,27.6,2.87,1.25,1.04
2020,STMicroelectronics,ITA,65,logic_mature,54297,2017,STMicroelectronics,STM,EUR,idm_diversified,10.08,14.2,1.43,1.21,1.01
2021,STMicroelectronics,ITA,65,logic_mature,55159,2017,STMicroelectronics,STM,EUR,idm_diversified,13.03,19.1,2.49,1.56,1.3
2022,STMicroelectronics,ITA,65,logic_mature,60634,2017,STMicroelectronics,STM,EUR,idm_diversified,16.01,16.7,2.67,1.92,1.6
2023,STMicroelectronics,ITA,65,logic_mature,57893,2017,STMicroelectronics,STM,EUR,idm_diversified,17.6,21.6,3.8,2.11,1.76
2024,STMicroelectronics,ITA,65,logic_mature,64068,2017,STMicroelectronics,STM,EUR,idm_diversified,12.72,22.1,2.81,1.53,1.27
2025,STMicroelectronics,ITA,65,logic_mature,62014,2017,STMicroelectronics,STM,EUR,idm_diversified,15.85,20.5,3.25,1.9,1.58
2026,STMicroelectronics,ITA,65,logic_mature,59915,2017,STMicroelectronics,STM,EUR,idm_diversified,16.33,19.6,3.2,1.96,1.63
2015,NXP Semiconductors,NLD,90,logic_mature,0,2015,NXP Semiconductors,NXPI,NLD,idm_automotive,5.94,20.5,1.22,0.71,0.89
2016,NXP Semiconductors,NLD,90,logic_mature,11620,2015,NXP Semiconductors,NXPI,NLD,idm_automotive,7.47,19.0,1.42,0.9,1.12
2017,NXP Semiconductors,NLD,90,logic_mature,26356,2015,NXP Semiconductors,NXPI,NLD,idm_automotive,7.89,19.9,1.57,0.95,1.18
2018,NXP Semiconductors,NLD,90,logic_mature,39625,2015,NXP Semiconductors,NXPI,NLD,idm_automotive,9.15,19.0,1.74,1.1,1.37
2019,NXP Semiconductors,NLD,90,logic_mature,39160,2015,NXP Semiconductors,NXPI,NLD,idm_automotive,8.98,14.9,1.34,1.08,1.35
2020,NXP Semiconductors,NLD,90,logic_mature,42217,2015,NXP Semiconductors,NXPI,NLD,idm_automotive,8.19,21.4,1.76,0.98,1.23
2021,NXP Semiconductors,NLD,90,logic_mature,42470,2015,NXP Semiconductors,NXPI,NLD,idm_automotive,10.73,12.3,1.32,1.29,1.61
2022,NXP Semiconductors,NLD,90,logic_mature,39660,2015,NXP Semiconductors,NXPI,NLD,idm_automotive,13.51,20.8,2.81,1.62,2.03
2023,NXP Semiconductors,NLD,90,logic_mature,35950,2015,NXP Semiconductors,NXPI,NLD,idm_automotive,13.02,6.0,0.79,1.56,1.95
2024,NXP Semiconductors,NLD,90,logic_mature,41253,2015,NXP Semiconductors,NXPI,NLD,idm_automotive,12.92,21.0,2.72,1.55,1.94
2025,NXP Semiconductors,NLD,90,logic_mature,43182,2015,NXP Semiconductors,NXPI,NLD,idm_automotive,15.09,21.3,3.21,1.81,2.26
2026,NXP Semiconductors,NLD,90,logic_mature,44685,2015,NXP Semiconductors,NXPI,NLD,idm_automotive,15.68,19.5,3.06,1.88,2.35
2019,Renesas,JPN,40,logic_mature,0,2019,Renesas,6723,JPN,idm_automotive,6.62,19.4,1.28,0.79,0.99
2020,Renesas,JPN,40,logic_mature,15723,2019,Renesas,6723,JPN,idm_automotive,6.82,19.3,1.31,0.82,1.02
2021,Renesas,JPN,40,logic_mature,36855,2019,Renesas,6723,JPN,idm_automotive,8.53,19.8,1.69,1.02,1.28
2022,Renesas,JPN,40,logic_mature,47658,2019,Renesas,6723,JPN,idm_automotive,11.35,17.1,1.94,1.36,1.7
2023,Renesas,JPN,40,logic_mature,51908,2019,Renesas,6723,JPN,idm_automotive,10.31,11.7,1.2,1.24,1.55
2024,Renesas,JPN,40,logic_mature,45954,2019,Renesas,6723,JPN,idm_automotive,9.34,21.9,2.05,1.12,1.4
2025,Renesas,JPN,40,logic_mature,50113,2019,Renesas,6723,JPN,idm_automotive,10.45,22.1,2.31,1.25,1.57
2026,Renesas,JPN,40,logic_mature,59332,2019,Renesas,6723,JPN,idm_automotive,11.15,20.0,2.23,1.34,1.67
2020,Hua Hong,CHN,28,logic_mature,0,2020,Hua Hong,1347,CHN,foundry,0.97,38.8,0.38,0.08,0.44
2021,Hua Hong,CHN,28,logic_mature,24334,2020,Hua Hong,1347,CHN,foundry,1.78,43.1,0.77,0.14,0.8
2022,Hua Hong,CHN,28,logic_mature,47222,2020,Hua Hong,1347,CHN,foundry,2.51,42.9,1.08,0.2,1.13
2023,Hua Hong,CHN,28,logic_mature,69633,2020,Hua Hong,1347,CHN,foundry,2.32,38.3,0.89,0.19,1.04
2024,Hua Hong,CHN,28,logic_mature,74939,2020,Hua Hong,1347,CHN,foundry,1.94,40.3,0.78,0.16,0.87
2025,Hua Hong,CHN,28,logic_mature,72635,2020,Hua Hong,1347,CHN,foundry,2.2,44.4,0.98,0.18,0.99
2026,Hua Hong,CHN,28,logic_mature,70440,2020,Hua Hong,1347,CHN,foundry,2.32,35.7,0.83,0.19,1.05
